{
  "pinceaux_id": 5,
  "scale_um": 3.0,
  "scale_px": 102.0,
  "um_per_px": 0.029411764705882353,
  "nm_per_px": 29.41176470588235,
  "uniform_across_slices": true
}